url,name,contentType,description,contentRating,genre,formattedDuration,releasedDate,Hours Viewed,actors,director,creator,audio,subtitle,numberOfSeasons,seasonStartDate,uniqId,scrapedAt
https://www.netflix.com/title/80189221,The Haunting of Hill House,TVSeries,"Flashing between past and present, a fractured family confronts haunting memories of their old home and the terrifying events that drove them from it.",18,TV Mysteries,,10/12/18,"22,000,000","Michiel Huisman, Carla Gugino, Timothy Hutton, Henry Thomas, Elizabeth Reaser, Oliver Jackson-Cohen, Kate Siegel, Victoria Pedretti, Lulu Wilson, Mckenna Grace, Paxton Singleton, Julian Hilliard, Violet McGraw",,Mike Flanagan,,,1,10/12/18,85814dcd-729d-577f-873b-e3b7d9f21ab1,5/3/22 14:51
https://www.netflix.com/title/81031373,Don't F**k with Cats: Hunting an Internet Killer,TVSeries,A twisted criminal's gruesome videos drive a group of amateur online sleuths to launch a risky manhunt that pulls them into a dark underworld.,18,True Crime Documentaries,,12/18/19,"3,700,000",,Mark Lewis,,,,1,12/18/19,134f93fc-a991-55ca-ad36-8c438b930e52,5/3/22 14:51
https://www.netflix.com/title/80996601,Love Is Blind,TVSeries,"Nick and Vanessa Lachey host this social experiment where single men and women look for love and get engaged, all before meeting in person.",16,Wedding & Romance Reality TV,,2/13/20,"26,200,000","Nick Lachey, Vanessa Lachey",,,,,2,2/13/20,e5461057-25c2-59a5-8672-d4b4a102ee00,5/3/22 14:51
https://www.netflix.com/title/81350429,I Care a Lot,Movie,A court-appointed legal guardian defrauds her older clients and traps them under her care. But her latest mark comes with some unexpected baggage.,18,US Movies,1h 59m,2/19/21,"7,700,000","Rosamund Pike, Peter Dinklage, Eiza González, Dianne Wiest, Chris Messina, Isiah Whitlock Jr., Macon Blair, Alicia Witt, Damian Young",J Blakeson,,"English - Audio Description, English [Original]","English, Hindi",,2/19/21,bbc71932-fc79-51aa-bf83-023c2c5db97c,5/3/22 14:51
https://www.netflix.com/title/81149184,"tick, tick...BOOM!",Movie,"On the brink of turning 30, a promising theater composer navigates love, friendship and the pressure to create something great before time runs out.",13,US Movies,1h 55m,11/19/21,"1,400,000","Andrew Garfield, Alexandra Shipp, Vanessa Hudgens, Robin de Jesús, Joshua Henry, Bradley Whitford, Tariq Trotter, Judith Light",Lin-Manuel Miranda,,"English - Audio Description, English [Original], Hindi",English,,11/19/21,cd630201-99b9-5ac4-bb78-7fad5c65cc95,5/3/22 14:51
https://www.netflix.com/title/81083626,Midnight Mass,TVSeries,"The arrival of a charismatic young priest brings glorious miracles, ominous mysteries and renewed religious fervor to a dying town desperate to believe.",16,TV Mysteries,,9/24/21,"12,700,000","Kate Siegel, Zach Gilford, Hamish Linklater, Henry Thomas, Kristin Lehman, Samantha Sloyan, Igby Rigney, Rahul Kohli, Annarah Cymone, Annabeth Gish, Alex Essoe, Rahul Abburi, Matt Biedel, Michael Trucco, Crystal Balint, Louis Oliver",Mike Flanagan,Mike Flanagan,,,1,9/24/21,d452167a-817d-5526-9070-d7fc23e8ff67,5/3/22 14:51
https://www.netflix.com/title/80180171,Kingdom,TVSeries,"While strange rumors about their ill king grip a kingdom, the crown prince becomes their only hope against a mysterious plague overtaking the land.",18,Horror TV Serials,,1/25/19,"10,200,000","Ju Ji-hoon, Ryu Seung-ryong, Bae Doona, Kim Sang-ho, Kim Sung-kyu, Jun Suk-ho, Kim Hye-jun, Park Byung-eun, Huh Joon-ho",,"Kim Eun-hee, Kim Seong-hun, Park Inje",,,2,1/25/19,ef1d6583-df37-5e68-b1aa-348697b6f302,5/3/22 14:51
https://www.netflix.com/title/81144852,Munich – The Edge of War,Movie,"At the tense 1938 Munich Conference, former friends who now work for opposing governments become reluctant spies racing to expose a Nazi secret.",13,Movies Based on Books,2h 9m,1/21/22,"4,300,000","George MacKay, Jannis Niewöhner, Jeremy Irons, Robert Bathurst, Jessica Brown Findlay, August Diehl, Sandra Hüller, Alex Jennings, Ulrich Matthes, Liv Lisa Fries",Christian Schwochow,,"German - Audio Description, German, English - Audio Description, English [Original], Hindi","German, German, English",,,c94d5145-fc57-584c-bb6a-0535d4ee9cfe,5/3/22 14:51
https://www.netflix.com/title/81194110,Tall Girl 2,Movie,"Landing the lead in the school musical is a dream come true for Jodi, until the pressure sends her confidence — and her relationship — into a tailspin.",7,US Movies,1h 41m,2/11/22,"10,900,000","Ava Michelle, Griffin Gluck, Sabrina Carpenter, Anjelika Washington, Luke Eisner, Clara Wilsey, Rico Paris, Jan Luis Castellanos, Johanna Liauw, Steve Zahn, Angela Kinsey",Emily Ting,,"English - Audio Description, English [Original], Hindi, Tamil, Telugu",English,,,62338b6f-a642-5f8e-a846-dc8fb691ddcd,5/3/22 14:51
https://www.netflix.com/title/81028870,The Devil All The Time,Movie,Sinister characters converge around a young man devoted to protecting those he loves in a postwar backwoods town teeming with corruption and brutality.,18,US Movies,2h 18m,9/16/20,"8,500,000","Tom Holland, Bill Skarsgård, Riley Keough, Robert Pattinson, Mia Wasikowska, Jason Clarke, Sebastian Stan, Haley Bennett, Harry Melling, Eliza Scanlen",Antonio Campos,,"English - Audio Description, English [Original]",English,,,6ff23afd-bc51-5a3d-99cf-464ff3bed09b,5/3/22 14:51
https://www.netflix.com/title/81015514,PIECES OF HER,TVSeries,A woman pieces together her mother's dark past after a violent attack in their small town brings hidden threats and deadly secrets to light.,18,TV Mysteries,,3/4/22,"43,800,000","Toni Collette, Bella Heathcote, Jessica Barden, Joe Dempsie, Omari Hardwick, Jacob Scipio, David Wenham, Gil Birmingham, Aaron Jeffery",,Charlotte Stoudt,,,1,3/4/22,1a888770-1435-5440-97eb-284225c1075b,5/3/22 14:52
https://www.netflix.com/title/80168079,Icarus,Movie,"In his Oscar-winning film, an American cyclist plunges into a vast doping scandal involving a Russian scientist -- Putin's most-wanted whistleblower.",16,Documentaries,2h 1m,8/4/17,"1,000,000","Bryan Fogel, Grigory Rodchenkov",Bryan Fogel,,"English - Audio Description, English [Original]",English,,,65ad9a98-9d55-589c-92b6-c473f8bbdf7c,5/3/22 14:52
https://www.netflix.com/title/80002479,Peaky Blinders,TVSeries,"A notorious gang in 1919 Birmingham, England, is led by the fierce Tommy Shelby, a crime boss set on moving up in the world no matter the cost.",18,Period Pieces,,12/31/15,"61,100,000","Cillian Murphy, Sam Neill, Helen McCrory, Paul Anderson, Iddo Goldberg, Annabelle Wallis, Sophie Rundle, Tom Hardy, Joe Cole, Ned Dennehy, Andy Nyman, Charlie Creed-Miles, Charlotte Riley, David Dawson, Jeffrey Postlethwaite, Matthew Postlethwaite, Ian Peck, Tony Pitts, Aidan Gillen, Adrien Brody, Charlie Murphy, Aimee-Ffion Edwards, Anya Taylor-Joy, Sam Claflin",,Steven Knight,,,5,12/31/15,bf331d6b-e855-548c-8623-c6e04220c993,5/3/22 14:52
https://www.netflix.com/title/81037371,Emily in Paris,TVSeries,"After landing her dream job in Paris, Chicago marketing exec Emily Cooper embraces her adventurous new life while juggling work, friends and romance.",16,Romantic TV Comedies,,10/2/20,"48,300,000","Lily Collins, Philippine Leroy-Beaulieu, Ashley Park, Lucas Bravo, Kate Walsh, Samuel Arnold, Bruno Gouery, Camille Razat, Lucien Laviscount, Kevin Dias",,Darren Star,,,2,10/2/20,367989cb-8972-54ab-9a13-f7990f4e0395,5/3/22 14:52
https://www.netflix.com/title/81127997,The Power of the Dog,Movie,A domineering but charismatic rancher wages a war of intimidation on his brother's new wife and her teen son — until long-hidden secrets come to light.,16,US Movies,2h 8m,12/1/21,"4,800,000","Benedict Cumberbatch, Kirsten Dunst, Jesse Plemons, Kodi Smit-McPhee, Frances Conroy, Keith Carradine, Thomasin McKenzie, Geneviève Lemon",Jane Campion,,"English - Audio Description, English [Original]",English,,,c94082be-bac7-5dee-86bf-c957ccb8af91,5/3/22 14:52
https://www.netflix.com/title/81483977,Texas Chainsaw Massacre,Movie,"In this sequel, influencers looking to breathe new life into a Texas ghost town encounter Leatherface, an infamous killer who wears a mask of human skin.",18,US Movies,1h 23m,2/18/22,"2,100,000","Sarah Yarkin, Elsie Fisher, Mark Burnham, Jacob Latimore, Moe Dunford, Olwen Fouéré, Alice Krige, Jessica Allain, Nell Hudson",David Blue Garcia,,"English - Audio Description, English [Original], Hindi, Tamil, Telugu",English,,,6f0af68e-fda9-582c-aa7d-b1fe3e818cb7,5/3/22 14:52
https://www.netflix.com/title/81152777,Chosen,TVSeries,A 17-year-old girl finds her world turned upside down when she and her friends discover the disturbing truth lurking in their quiet Danish town.,18,TV Thrillers,,1/27/22,"27,600,000","Malaika Berenth Mosendane, Andrea Heick Gadeberg, Andreas Dittmer, Albert Rudbeck Lindhardt, Mohamed Djeziri, Magnus Juhl Andersen, Anders Heinrichsen, Line Kruse, Henrik Prip, Marie Louise Wille, Ken Vedsegaard",,"Jannik Tai Mosholt, Christian Potalivo",,,1,1/27/22,267f0f7e-53e5-52a4-aa2c-5768c7c5918f,5/3/22 14:52
https://www.netflix.com/title/80145143,Bordertown,TVSeries,A gifted detective takes a job in a small town so he can spend more time with his family. But he's soon drawn into a web of disturbing murder cases.,18,TV Mysteries,,7/15/18,"5,200,000","Ville Virtanen, Matleena Kuusniemi, Anu Sinisalo, Lenita Susi, Laura Malmivaara, Olivia Ainali, Ilkka Villi, Max Bremer, Matti Laine, Jasmin Hamid, Kristiina Halttu",,Miikko Oikkonen,,,3,7/15/18,eee0636f-48a9-5590-b746-5c6a81217fc7,5/3/22 14:52
https://www.netflix.com/title/81320168,Forgive Us Our Trespasses,Movie,"Targeted by Nazis as they hunt down and murder people with disabilities, a boy with a limb difference makes a daring decision while running for his life.",16,US Movies,14m,2/17/22,"500,000","Knox Gibson, Hanneke Talbot, Justin Mader",Ashley Eakin,,"English - Audio Description, English [Original], Hindi - Audio Description, Hindi","English, Hindi",,,f3ed4d6c-129a-5aa6-9ae4-f7a038ea55cf,5/3/22 14:52
https://www.netflix.com/title/81117189,MANK,Movie,1930s Hollywood is reevaluated through the eyes of scathing wit and alcoholic screenwriter Herman J. Mankiewicz as he races to finish “Citizen Kane.”,16,Movies Based on Real Life,2h 12m,12/4/20,"300,000","Gary Oldman, Amanda Seyfried, Charles Dance, Lily Collins, Arliss Howard, Tom Pelphrey, Sam Troughton, Ferdinand Kingsley, Tuppence Middleton, Tom Burke, Joseph Cross, Jamie McShane, Toby Leonard Moore, Monika Gossmann",David Fincher,,"English - Audio Description, English [Original], Hindi","English, English, Hindi",,,64e92249-c4eb-5ae9-8ae1-85db972ad367,5/3/22 14:52
https://www.netflix.com/title/81228573,Komi Can't Communicate,TVSeries,"At a high school full of unique characters, Tadano helps his shy and unsociable classmate Komi reach her goal of making friends with 100 people.",13,TV Shows Based on Manga,,10/21/21,"20,100,000","Aoi Koga, Gakuto Kajiwara, Rie Murakawa, Rina Hidaka, Rumi Okubo, Yukiyo Fujii, Ami Maeshima, Kenji Akabane, Yuga Sato, Kensho Ono, Sarah Emi Bridcutt, Junya Enoki, Maaya Uchida, Noriko Hidaka",,,,,1,10/21/21,36f545ec-4dc7-5171-a30b-1349ab5958b2,5/3/22 14:52
https://www.netflix.com/title/80027159,iZombie,TVSeries,A medical student-turned-zombie tries to retain her humanity by eating brains at the morgue and finds she has an uncanny new gift for solving crimes.,18,TV Mysteries,,4/30/16,"9,500,000","Rose McIver, Malcolm Goodwin, Rahul Kohli, Robert Buckley, David Anders, Aly Michalka, Bryce Hodgson, Robert Knepper",,"Diane Ruggiero-Wright, Rob Thomas",,,5,4/30/16,02c45fb5-3a06-5ba5-87bb-aef7f7e2d53c,5/3/22 14:52
https://www.netflix.com/title/81410539,The Privilege,Movie,A wealthy teen and his friends attending an elite private school uncover a dark conspiracy while looking into a series of strange supernatural events.,18,Teen Movies,1h 47m,2/9/22,"5,600,000","Max Schimmelpfennig, Lea van Acken, Tijan Marei, Milena Tscharntke, Lise Risom Olsen, Roman Knižka, Nadeshda Brennicke, Horst Janson, Rojan Juan Barani, Caroline Hartig, Maurice Lattke, Jeanette Spassova, Oleg Tikhomirov","Felix Fuchssteiner, Katharina Schöde",,"German - Audio Description, German [Original], English, Hindi","German, English, English",,,d140cd72-9349-5c1c-838a-68a59b6eb9a8,5/3/22 14:52
https://www.netflix.com/title/80995819,Inside Job,TVSeries,Lizard people? Real. The moon landing? Fake. Managing the world's conspiracies is a full-time job for an awkward genius and her dysfunctional co-workers.,18,TV Comedies,,10/22/21,"21,500,000","Lizzy Caplan, Christian Slater, Clark Duke, Tisha Campbell, Andrew Daly, Chris Diamantopoulos, John DiMaggio, Bobby Lee, Brett Gelman",,Shion Takeuchi,,,1,10/22/21,3656e04c-dffe-5dbb-8a5a-0fa4a0aeefd8,5/3/22 14:52
https://www.netflix.com/title/80240027,Virgin River,TVSeries,"Searching for a fresh start, a nurse practitioner moves from LA to a remote northern California town and is surprised by what -- and who -- she finds.",16,TV Shows Based on Books,,12/6/19,"35,800,000","Alexandra Breckenridge, Martin Henderson, Tim Matheson, Annette O'Toole, Colin Lawrence, Lauren Hammersley, Grayson Gurnsey, Benjamin Hollingsworth, Sarah Dugdale, Zibby Allen, Jenny Cooper, Marco Grazzini",,Sue Tenney,,,3,12/6/19,dff8f76a-36ac-5eb2-980f-938c86fb574d,5/3/22 14:52
https://www.netflix.com/title/80211559,I'm Thinking of Ending Things,Movie,Nothing is as it seems when a woman experiencing misgivings about her new boyfriend joins him on a road trip to meet his parents at their remote farm.,16,US Movies,2h 14m,9/4/20,"2,600,000","Jessie Buckley, Jesse Plemons, Toni Collette, David Thewlis, Guy Boyd",Charlie Kaufman,,"English - Audio Description, English [Original]",English,,,cfd11f86-0792-5720-b4f3-106e1bf5d4a7,5/3/22 14:52
https://www.netflix.com/title/81305952,The Woman in the House Across the Street from the Girl in the Window,TVSeries,"Mixing wine, pills, casseroles and an overactive imagination, Anna obsesses over a hunky neighbor across the street and witnesses a murder. Or did she?",18,TV Mysteries,,1/28/22,"11,900,000","Kristen Bell, Michael Ealy, Tom Riley, Samsara Yett, Mary Holland, Cameron Britton, Christina Anthony, Shelley Hennig, Benjamin Levy Aguilar, Brenda Koo",,"Rachel Ramras, Hugh Davidson, Larry Dorf",,,1,1/28/22,3099deea-7a2b-5180-acbc-31ddac4ca9e8,5/3/22 14:52
https://www.netflix.com/title/81388078,Through My Window,Movie,"Raquel's longtime crush on her next-door neighbor turns into something more when he starts developing feelings for her, despite his family's objections.",18,Romantic Movies,1h 53m,2/4/22,"33,000,000","Clara Galle, Julio Peña Fernández, Guillermo Lasheras, Natalia Azahara, Hugo Arbués, Eric Masip, Emilia Lazo, Abel Folk, Rachel Lascar, Pilar Castro",Marçal Forés,,"English, European Spanish - Audio Description, European Spanish [Original], Hindi","English, English, European Spanish",,,253f6ddd-b3e1-50be-9c70-7fc3cfef29a0,5/3/22 14:52
https://www.netflix.com/title/80133335,Call My Agent!,TVSeries,"At a top Paris talent firm, agents scramble to keep their star clients happy -- and their business afloat -- after an unexpected crisis.",16,TV Dramas,,12/20/16,"2,100,000","Camille Cottin, Thibault de Montalembert, Grégory Montel, Liliane Rovère, Assaad Bouab, Fanny Sidney, Laure Calamy, Nicolas Maury, Stéfi Celma, Ophélia Kolb",,Fanny Herrero,,,4,12/20/16,ae2f65c1-585d-5730-91b8-fffa89799cad,5/3/22 14:52
https://www.netflix.com/title/80222802,Archive 81,TVSeries,An archivist takes a job restoring damaged videotapes and gets pulled into the vortex of a mystery involving the missing director and a demonic cult.,18,TV Mysteries,,1/14/22,"8,400,000","Mamoudou Athie, Dina Shihabi, Matt McGorry, Evan Jonigkeit, Martin Donovan, Julia Chan, Ariana Neal",,,,,1,1/14/22,13f0c601-36e6-51fd-85d9-119d8e64721f,5/3/22 14:52
https://www.netflix.com/title/80986854,I Think You Should Leave with Tim Robinson,TVSeries,There is no such thing as an ordinary interaction in this offbeat sketch comedy series that features a deep roster of guest stars.,18,TV Comedies,,4/23/19,"4,100,000","Tim Robinson, Andy Samberg, Sam Richardson, Will Forte, Fred Willard, Cecily Strong, Tim Heidecker, Kate Berlant, Patti Harrison, Conner O'Malley",,"Tim Robinson, Zach Kanin",,,2,4/23/19,7a8dc4ac-f99c-5ccc-9dc4-fcb8a84bbeeb,5/3/22 14:52
https://www.netflix.com/title/80182016,The King,Movie,Wayward Prince Hal must turn from carouser to warrior king as he faces hostilities from inside and outside the castle walls in the battle for England.,18,US Movies,2h 20m,11/1/19,"400,000","Timothée Chalamet, Joel Edgerton, Robert Pattinson, Ben Mendelsohn, Sean Harris, Tom Glynn-Carney, Lily-Rose Depp, Thomasin McKenzie",David Michôd,,"English - Audio Description, English [Original], Hindi","English, Hindi",,,aad31f6d-c29a-533b-b483-5d6c9f2d7119,5/3/22 14:52
https://www.netflix.com/title/81272421,Downfall: The Case Against Boeing,Movie,Investigators reveal how Boeing’s alleged priority of profit over safety could have contributed to two catastrophic crashes within months of each other.,16,Documentaries,1h 29m,2/18/22,"3,500,000",,Rory Kennedy,,"English - Audio Description, English [Original]",English,,,e4377c48-798d-54e6-b9c7-40184eee3650,5/3/22 14:52
https://www.netflix.com/title/81092222,The Woman in the Window,Movie,"Confined to her home by agoraphobia, a psychologist becomes obsessed with her new neighbors — and solving a brutal crime she witnesses from her window.",18,US Movies,1h 41m,5/14/21,"6,400,000","Amy Adams, Gary Oldman, Anthony Mackie, Fred Hechinger, Wyatt Russell, Brian Tyree Henry, Jennifer Jason Leigh, Jeanine Serralles, Mariah Bozeman, Julianne Moore",Joe Wright,,"English - Audio Description, English [Original], Hindi","English, Hindi",,,387bdb51-a54b-5a24-8f36-2fd40116be19,5/3/22 14:52
https://www.netflix.com/title/80153467,Unbelievable,TVSeries,"After a young woman is accused of lying about a rape, two female detectives investigate a spate of eerily similar attacks. Inspired by true events.",18,TV Dramas,,9/13/19,"27,100,000","Toni Collette, Merritt Wever, Kaitlyn Dever, Dale Dickey, Scott Lawrence, Danielle Macdonald, Austin Hébert, Eric Lange, Elizabeth Marvel",,,,,1,9/13/19,ee9ee947-048b-50a2-bcfa-78fa5f3e268a,5/3/22 14:52
https://www.netflix.com/title/81424320,Passing,Movie,"In 1920s New York City, a Black woman finds her world upended when her life becomes intertwined with a former childhood friend who's passing as white.",16,US Movies,1h 39m,11/10/21,"800,000","Tessa Thompson, Ruth Negga, André Holland, Alexander Skarsgård",Rebecca Hall,,"English - Audio Description, English [Original], Hindi",English,,,346ecf0b-2831-5042-b2ca-245f9f33f7b2,5/3/22 14:52
https://www.netflix.com/title/70300800,BoJack Horseman,TVSeries,"Meet the most beloved sitcom horse of the '90s, 20 years later. He’s a curmudgeon with a heart of...not quite gold...but something like gold. Copper?",18,Sitcoms,,1/5/16,"13,600,000","Will Arnett, Aaron Paul, Amy Sedaris, Alison Brie, Paul F. Tompkins",,Raphael Bob-Waksberg,,,6,1/5/16,bd7db6fa-f50a-582c-b1b1-e1444dc130a4,5/3/22 14:52
https://www.netflix.com/title/80201680,The Kominsky Method,TVSeries,Acting coach Sandy Kominsky and best friend Norman Newlander keep each other laughing as they navigate the ups and downs of getting older.,18,Sitcoms,,11/16/18,"3,400,000","Michael Douglas, Alan Arkin, Sarah Baker, Nancy Travis, Susan Sullivan, Lisa Edelstein, Paul Reiser, Jane Seymour, Kathleen Turner, Haley Joel Osment, Melissa Tang, Graham Rogers, Casey Thomas Brown, Jenna Lyng Adams, Ashleigh LaThrop, Emily Osment, Ann-Margret, Danny DeVito",,Chuck Lorre,,,3,11/16/18,bb35b433-ed48-556f-bdee-43b201532bbb,5/3/22 14:52
https://www.netflix.com/title/80239866,Sweet Magnolias,TVSeries,"Lifelong friends Maddie, Helen and Dana Sue lift each other up as they juggle relationships, family and careers in the small, Southern town of Serenity.",16,TV Shows Based on Books,,5/19/20,"22,400,000","JoAnna Garcia Swisher, Brooke Elliott, Heather Headley, Chris Klein, Justin Bruening, Logan Allen, Anneliese Judge, Carson Rowland, Jamie Lynn Spears, Dion Johnstone, Chris Medlin, Brandon Quinn",,,,,2,5/19/20,797f2eef-2ba3-5ad6-a8ee-fd35c41847e6,5/3/22 14:53
https://www.netflix.com/title/81221380,Sweet Tooth,TVSeries,"On a perilous adventure across a post-apocalyptic world, a lovable boy who's half-human and half-deer searches for a new beginning with a gruff protector.",16,Fantasy TV Shows,,6/4/21,"89,000,000","Nonso Anozie, Christian Convery, Adeel Akhtar, Stefania LaVie Owen, Dania Ramirez, Aliza Vellani, Will Forte, James Brolin, Neil Sandilands, Mia Artemis",,,,,1,6/4/21,08ba3d16-60d8-590f-acf9-b258c4edf5ae,5/3/22 14:53
https://www.netflix.com/title/80095697,Disenchantment,TVSeries,"Princess duties call, but she'd rather be drinking. Free-spirited Bean exasperates the king as she wreaks havoc with her demon and elf pals.",16,Fantasy TV Shows,,8/17/18,"15,300,000","Abbi Jacobson, Eric André, Nat Faxon, John DiMaggio, Tress MacNeille, Matt Berry, David Herman, Maurice LaMarche, Lucy Montgomery, Billy West, Richard Ayoade",,Matt Groening,,,4,8/17/18,90335f87-053f-5580-ad03-a6cb3bf3ae51,5/3/22 14:53
https://www.netflix.com/title/81158472,Bigbug,Movie,"Humans have ceded most tasks to AI in 2045, even in nostalgic Alice's home. So when robots stage a coup, her androids protectively lock her doors.",18,Sci-Fi Movies,1h 51m,2/11/22,"2,700,000","Elsa Zylberstein, Isabelle Nanty, Stéphane De Groodt, Claude Perron, Youssef Hajdi, Claire Chust, François Levantal, Alban Lenoir, André Dussollier, Marysole Fertard, Hélie Thonnat",Jean-Pierre Jeunet,,"English, French - Audio Description, French [Original]","English, English, French",,,9816e5c1-06ea-54ec-b186-79e57a59f510,5/3/22 14:53
https://www.netflix.com/title/81132961,True Story,TVSeries,A world-famous comedian desperately searches for a way out after a night in Philadelphia with his brother threatens to sabotage more than his success.,18,TV Thrillers,,11/24/21,"5,300,000","Kevin Hart, Wesley Snipes, Tawny Newsome, Theo Rossi, Will Catlett, Paul Adelstein, Ash Santos, John Ales, Chris Diamantopoulos, Lauren London, Billy Zane",,Eric Newman,,,1,11/24/21,8893fc21-6606-5278-ac9b-a92c7c085ddb,5/3/22 14:53
https://www.netflix.com/title/80245103,Halston,TVSeries,His name built an empire. His style defined an era. American fashion designer Halston skyrockets to fame before his life starts to spin out of control.,18,TV Shows Based on Books,,5/14/21,"1,900,000","Ewan McGregor, Bill Pullman, Rebecca Dayan, David Pittu, Krysta Rodriguez, Rory Culkin, Vera Farmiga, Gian Franco Rodriguez, Sullivan Jones, Kelly Bishop, Dilone, James Waterston, Jason Kravits, Mary Beth Peil",Daniel Minahan,,,,1,5/14/21,8545b9fe-707d-5dad-8a6a-fda51063f374,5/3/22 14:53
https://www.netflix.com/title/81011098,Young Wallander,TVSeries,"When he personally witnesses a bizarre murder, rookie cop Kurt Wallander gets tapped to help investigate in this origin story of the popular character.",16,TV Mysteries,,9/3/20,"5,800,000","Adam Pålsson, Richard Dillane, Leanne Best, Yasen Atour, Ellise Chappell, Tomiwa Edun, Sara Seyed, Lisa Hammond, Josef Davies",,Ben Harris,,,2,9/3/20,5da3f313-2b82-5291-8cf6-7a354ea84ad9,5/3/22 14:53
https://www.netflix.com/title/80232398,Bridgerton,TVSeries,The eight close-knit siblings of the Bridgerton family look for love and happiness in London high society. Inspired by Julia Quinn's bestselling novels.,18,TV Shows Based on Books,,12/25/20,"136,600,000","Adjoa Andoh, Julie Andrews, Lorraine Ashbourne, Jonathan Bailey, Ruby Barker, Sabrina Bartlett, Harriet Cains, Bessie Carter, Nicola Coughlan, Phoebe Dynevor, Ruth Gemmell, Florence Hunt, Claudia Jessie, Ben Miller, Luke Newton, Regé-Jean Page, Golda Rosheuvel, Luke Thompson, Will Tilston, Polly Walker, Simone Ashley, Charithra Chandran, Shelley Conn, Calam Lynch, Rupert Young",,Chris Van Dusen,,,1,12/25/20,b4b6a90c-2f80-5e10-bb2a-47029c584ec8,5/3/22 14:53
https://www.netflix.com/title/80186863,The Umbrella Academy,TVSeries,"Reunited by their father's death, estranged siblings with extraordinary powers uncover shocking family secrets -- and a looming threat to humanity.",16,TV Action & Adventure,,2/15/19,"30,600,000","Elliot Page, Tom Hopper, David Castañeda, Emmy Raver-Lampman, Robert Sheehan, Aidan Gallagher, Justin H. Min, Ritu Arya, Yusuf Gatewood, Marin Ireland, Adam Godley, Kate Walsh, Colm Feore, Cameron Britton, Mary J. Blige",,Steve Blackman,,,2,2/15/19,efa2b1ee-99cf-5e00-8a0f-af225254ff0d,5/3/22 14:53
https://www.netflix.com/title/80025678,The Crown,TVSeries,"Based on historical events, this series dramatizes the story of Queen Elizabeth II and the political and personal events that have shaped her reign.",18,TV Dramas,,11/4/16,"42,400,000","Olivia Colman, Helena Bonham Carter, Tobias Menzies, Claire Foy, John Lithgow, Matt Smith, Vanessa Kirby, Gillian Anderson, Josh O'Connor, Emma Corrin, Marion Bailey, Jared Harris, Victoria Hamilton, Eileen Atkins, Jeremy Northam, Alex Jennings, Ben Miles, Pip Torrens, Will Keen, Harry Hadden-Paton, Daniel Ings, Greg Wise, Harriet Walter, Lia Williams, Matthew Goode, Anton Lesser, Ben Daniels, Jason Watkins, Charles Dance, Emerald Fennell, Erin Doherty",,Peter Morgan,,,4,11/4/16,83cec79a-95f0-5e9f-ab36-d4564d107a9f,5/3/22 14:53
https://www.netflix.com/title/80124522,Maniac,TVSeries,Two struggling strangers connect during a mind-bending pharmaceutical trial involving a doctor with mother issues and an emotionally complex computer.,18,TV Dramas,,9/21/18,"4,500,000","Emma Stone, Jonah Hill, Justin Theroux, Sally Field, Gabriel Byrne, Sonoya Mizuno, Julia Garner, Billy Magnussen, Jemima Kirke",,Patrick Somerville,,,1,9/21/18,2a8d3ffe-bf1d-5f51-98c9-b89ccd5ce7d7,5/3/22 14:53
https://www.netflix.com/title/81414099,Home Team,Movie,Suspended NFL coach Sean Payton hopes to reconnect with his son by coaching his hapless youth football team in this family comedy based on a true story.,7,US Movies,1h 39m,1/28/22,"17,800,000","Kevin James, Taylor Lautner, Rob Schneider, Jackie Sandler, Gary Valentine, Lavell Crawford, Chloe Fineman, Tait Blum, Maxwell Simkins, Jacob Perez, Bryant Tardy, Manny Magnus, Liam Kyle, Christopher Farrar, Merek Mastrov, Isaiah Mustafa, Jared Sandler","Charles Kinnane, Daniel Kinnane",,"English - Audio Description, English [Original], Hindi, Tamil, Telugu",English,,,4c8fadce-600d-5e0b-a325-45b01f5088a0,5/3/22 14:53
https://www.netflix.com/title/80192098,Money Heist,TVSeries,Eight thieves take hostages and lock themselves in the Royal Mint of Spain as a criminal mastermind manipulates the police to carry out his plan.,18,TV Thrillers,,7/19/19,"33,700,000","Úrsula Corberó, Álvaro Morte, Itziar Ituño, Pedro Alonso, Miguel Herrán, Jaime Lorente, Esther Acebo, Darko Perić, Hovik Keuchkerian, Luka Peroš, Belén Cuesta, Fernando Cayo, Rodrigo de la Serna, Najwa Nimri, Fernando Soto, Mario de la Rosa, Antonio Romero, Mikel Bustamante, José Manuel Seda, Ramón Agirre, Alba Flores, Enrique Arce, Patrick Criado, Diana Gómez, Miguel Ángel Silvestre, Paco Tous, José Manuel Poga, Kiti Mánver, María Pedraza",,Álex Pina,,,5,7/19/19,cb7efb91-8b08-5b7f-abfb-1fe9b68ec47f,5/3/22 14:53
https://www.netflix.com/title/80206099,The Serpent,TVSeries,"In the 1970s, merciless killer Charles Sobhraj preys on travelers exploring the ""hippie trail"" of South Asia. Based on shocking true events.",18,TV Thrillers,,4/2/21,"9,200,000","Tahar Rahim, Jenna Coleman, Billy Howle, Ellie Bamber, Amesh Edireweera, Tim McInnerny, Damon Herriman",,,,,1,4/2/21,81c7ab24-ccf5-548d-ab23-abaf7dfc99fd,5/3/22 14:53
https://www.netflix.com/title/80189685,The Witcher,TVSeries,"Geralt of Rivia, a mutated monster-hunter for hire, journeys toward his destiny in a turbulent world where people often prove more wicked than beasts.",18,TV Shows Based on Books,,12/20/19,"72,200,000","Henry Cavill, Anya Chalotra, Freya Allan, Joey Batey, Eamon Farren, MyAnna Buring, Mimî M Khayisa, Mahesh Jadu, Anna Shaffer, Royce Pierreson, Tom Canton, Mecia Simson, Wilson Mbomio, Kim Bodnia, Jodhi May, Björn Hlynur Haraldsson, Adam Levy, Lars Mikkelsen, Jeremy Crawford, Basil Eidenbenz, Paul Bullion, Yasen Atour, Kristofer Hivju",,Lauren Schmidt Hissrich,,,2,12/20/19,be7ed494-c382-5a02-849a-e7a4dd9c3726,5/3/22 14:53
https://www.netflix.com/title/81074012,The Billion Dollar Code,TVSeries,"In 1990s Berlin, an artist and a hacker invented a new way to see the world. Years later, they reunite to sue Google for patent infringement on it.",16,TV Dramas,,10/7/21,"2,800,000","Mark Waschke, Mišel Matičević, Leonard Scheicher, Marius Ahrendt, Lavinia Wilson, Seumas F. Sargent, Rauand Taleb, Elias Krischke, Marcel Heuperman, Johanna Polley",,,,,1,10/7/21,f9ebc9eb-b67e-5450-b2d3-a45a6a4ceeef,5/3/22 14:53
https://www.netflix.com/title/80100172,Dark,TVSeries,A missing child sets four families on a frantic hunt for answers as they unearth a mind-bending mystery that spans three generations.,18,TV Mysteries,,12/1/17,"24,100,000","Louis Hofmann, Oliver Masucci, Jördis Triebel, Maja Schöne, Karoline Eichhorn, Sebastian Rudolph, Anatole Taubman, Mark Waschke, Stephan Kampwirth, Anne Ratte-Polle, Andreas Pietschmann, Lisa Vicari, Michael Mendl, Angela Winkler",,"Baran bo Odar, Jantje Friese",,,3,12/1/17,ee7c6671-fdba-5c95-a2f2-c564cbdaf610,5/3/22 14:53
https://www.netflix.com/title/81426972,jeen-yuhs: A Kanye Trilogy,TVSeries,"The lives of an emerging superstar and a filmmaker intertwine in this intense, intimate docuseries charting Kanye West's career, filmed over two decades.",18,Music & Musicals,,2/16/22,"1,600,000",Ye,Coodie and Chike,,,,1,2/16/22,d20ffba6-ca6f-54f4-9e09-c228408cdd37,5/3/22 14:53
https://www.netflix.com/title/81240756,Lead Me Home,Movie,Poignant stories of homelessness on the West Coast of the US frame this cinematic portrait of a surging humanitarian crisis.,16,Documentaries,40m,11/30/21,"900,000",,"Pedro Kos, Jon Shenk",,"English - Audio Description, English [Original]",English,,,47d372f6-f09c-52a4-ae79-82cad6857621,5/3/22 14:53
https://www.netflix.com/title/80233374,Brand New Cherry Flavor,TVSeries,"A filmmaker heads to Hollywood in the early '90s to make her movie but tumbles down a hallucinatory rabbit hole of sex, magic, revenge — and kittens.",18,Horror TV Serials,,8/13/21,"2,600,000","Rosa Salazar, Eric Lange, Catherine Keener, Jeff Ward, Manny Jacinto, Hannah Levien, Patrick Fischler",,"Lenore Zion, Nick Antosca",,,1,8/13/21,850976f8-1352-5679-bf52-285b83858a7e,5/3/22 14:53
https://www.netflix.com/title/80201500,Safe,TVSeries,"After his teenage daughter goes missing, a widowed surgeon in an affluent neighborhood begins unearthing dark secrets about the people closest to him.",18,TV Mysteries,,5/10/18,"16,500,000","Michael C. Hall, Amanda Abbington, Marc Warren, Hannah Arterton, Audrey Fleurot, Nigel Lindsay",,Harlan Coben,,,1,5/10/18,d0ee5b0b-df63-57da-a9e8-385fb8dd2739,5/3/22 14:53
https://www.netflix.com/title/80207033,Cowboy Bebop,TVSeries,"Long on style and perpetually short on cash, bounty hunters Spike, Jet and Faye trawl the solar system looking for jobs. But can they outrun Spike's past?",18,TV Action & Adventure,,11/19/21,"7,200,000","John Cho, Mustafa Shakir, Daniella Pineda, Elena Satine, Alex Hassell, Tamara Tunie, Mason Alexander Park, Geoff Stults, Rachel House",,,,,1,11/19/21,c9b11c66-f471-5a20-9772-1525e79a9f04,5/3/22 14:53
https://www.netflix.com/title/80994082,Lupin,TVSeries,"Inspired by the adventures of Arsène Lupin, gentleman thief Assane Diop sets out to avenge his father for an injustice inflicted by a wealthy family.",16,TV Mysteries,,1/8/21,"18,700,000","Omar Sy, Ludivine Sagnier, Clotilde Hesme, Nicole Garcia, Hervé Pierre, Soufiane Guerrab, Antoine Gouy, Fargass Assandé, Vincent Londez, Shirine Boutella",,George Kay,,,2,1/8/21,f8879f96-2204-54a4-840c-c3d4e94b5519,5/3/22 14:53
https://www.netflix.com/title/80200267,The Ballad of Buster Scruggs,Movie,"Ranging from absurd to profound, these Western vignettes from the Coen brothers follow the adventures of outlaws and settlers on the American frontier.",18,US Movies,2h 13m,11/16/18,"10,100,000","Liam Neeson, James Franco, Tim Blake Nelson, Tom Waits, Zoe Kazan, Brendan Gleeson","Joel Coen, Ethan Coen",,"English - Audio Description, English [Original]",English,,,1d2a4112-6912-5196-bc69-5d4567607855,5/3/22 14:53
https://www.netflix.com/title/81058433,Robin Robin,Movie,An optimistic young robin raised by a family of mice makes a heartfelt wish on a Christmas star. Will she finally learn who she is — and how to fly?,All,Family Features,32m,11/24/21,"300,000","Bronte Carmichael, Richard E. Grant, Gillian Anderson, Adeel Akhtar, Amira Macey-Michael, Tom Pegler, Endeavour Clutterbuck, Megan Harris","Dan Ojari, Mikey Please",,"British English - Audio Description, English [Original], Hindi","British English, English, English",,,05918a0e-5bc8-5aa5-89ed-c230dc1a23a7,5/3/22 14:53
https://www.netflix.com/title/81161626,Red Notice,Movie,An FBI profiler pursuing the world's most wanted art thief becomes his reluctant partner in crime to catch an elusive crook who's always one step ahead.,13,US Movies,1h 57m,11/12/21,"68,100,000","Dwayne Johnson, Ryan Reynolds, Gal Gadot, Ritu Arya, Chris Diamantopoulos",Rawson Marshall Thurber,,"English - Audio Description, English [Original], Hindi, Tamil, Telugu",English,,,727543ad-f747-5399-b743-8f3bd4ce1ac7,5/3/22 14:53
https://www.netflix.com/title/81315804,Turning Point: 9/11 and the War on Terror,TVSeries,"This unflinching series documents the 9/11 terrorist attacks, from Al Qaeda's roots in the 1980s to America's response, both at home and abroad.",18,Political Documentaries,,9/1/21,"10,400,000",,,,,,1,9/1/21,2e861cf2-7f49-5e5f-aaa2-7ea33bdab7cb,5/3/22 14:53
https://www.netflix.com/title/80141172,The Guardians of Justice,TVSeries,"When their seemingly fearless leader self-destructs, a team of troubled superheroes must confront festering evil in the world — and in themselves.",18,TV Mysteries,,3/1/22,"800,000","Diamond Dallas Page, Sharni Vinson, Derek Mears, Denise Richards, Will Yun Lee, John Hennigan, Preeti Desai, Tiffany Hines, Jackson Rathbone, Kellan Lutz, Adi Shankar, Jen Sung Outerbridge, Jane Seymour, Edi Gathegi, Viggo Villalobos, Andy Milonakis, Christopher Judge, R.J. Mitte",,Adi Shankar,,,1,3/1/22,52d2e620-4c25-5672-bd7a-dd241072f24a,5/3/22 14:53
https://www.netflix.com/title/80244283,Maya and the Three,TVSeries,A spirited princess with the heart of a warrior embarks on a mission to fulfill an ancient prophecy and save humanity from the wrath of vengeful gods.,7,TV Cartoons,,10/22/21,"24,800,000","Zoe Saldaña, Gabriel Iglesias, Diego Luna, Gael García Bernal, Rita Moreno, Alfred Molina, Allen Maldonado, Stephanie Beatriz, Kate del Castillo, Danny Trejo, Cheech Marin, Rosie Perez, Queen Latifah, Wyclef Jean, Isabela Merced, Chelsea Rendon, Joaquín Cosío, Carlos Alazraqui, Eric Bauza, Sandra Equihua",,Jorge R. Gutiérrez,,,1,10/22/21,8cccd0a1-62da-5cde-a3ba-fc994086aa63,5/3/22 14:53
https://www.netflix.com/title/80200575,Alice in Borderland,TVSeries,"An aimless gamer and his two friends find themselves in a parallel Tokyo, where they're forced to compete in a series of sadistic games to survive.",18,TV Thrillers,,12/10/20,"92,200,000","Kento Yamazaki, Tao Tsuchiya, Nijiro Murakami, Yuki Morinaga, Keita Machida, Ayaka Miyoshi, Dori Sakurada, Aya Asahina, Shuntaro Yanagi, Yutaro Watanabe, Ayame Misaki, Mizuki Yoshida, Tsuyoshi Abe, Nobuaki Kaneko, Sho Aoyagi, Riisa Naka",,,,,1,12/10/20,3575eca5-7fa1-5c10-ad32-1729e0e5909c,5/3/22 14:54
https://www.netflix.com/title/80236236,Another Life,TVSeries,"After a massive alien artifact lands on Earth, Niko Breckinridge leads an interstellar mission to track down its source and make first contact.",18,TV Thrillers,,7/25/19,"11,100,000","Katee Sackhoff, Justin Chatwin, Samuel Anderson, Elizabeth Ludlow, Tongayi Chirisa, AJ Rivera, Alexander Eling, Jayr Tinaco, Dillon Casey, Lina Renna, Blu Hunt, Jake Abel, Alex Ozerov, Selma Blair",,Aaron Martin,,,2,7/25/19,a57411c4-6fdd-54d3-819b-5a6a4afb8d81,5/3/22 14:54
https://www.netflix.com/title/81059720,Feria: The Darkest Light,TVSeries,Two sisters must face a new reality — and supernatural elements — when it's revealed their parents participated in a cult ritual ending in death.,18,Horror TV Serials,,1/28/22,"5,500,000","Carla Campra, Ana Tomeno, Isak Férriz, Marta Nieto, Ernest Villegas, Salva Reina, Carlos Scholz, Berta Hernández, Patricia López Arnaiz, Sauce Ena, Pablo Gómez-Pando, Oti Manzano, Ángela Cremonte",,"Agustín Martínez, Carlos Montero",,,1,1/28/22,e0b3d77c-16bf-501b-bbcb-07507c49fb41,5/3/22 14:54
https://www.netflix.com/title/81346087,Lies and Deceit,TVSeries,"A literature teacher seeks justice against a surgeon she claims date raped her, while he vehemently denies her accounts of the encounter.",18,TV Thrillers,,3/4/22,"13,600,000","Ángela Cremonte, Javier Rey, Manuela Velasco, Miguel Fernandez, Itziar Atienza, Víctor Duplá, Paco Tous",,,,,1,3/4/22,814bcc77-56a6-5ed1-8fa3-107049a3e59d,5/3/22 14:54
https://www.netflix.com/title/81039388,The Chestnut Man,TVSeries,"At a grisly murder scene sits a figurine made of chestnuts. From this creepy clue, two detectives hunt a killer linked to a politician's missing child.",18,TV Mysteries,,9/29/21,"12,400,000","Danica Curcic, Mikkel Boe Følsgaard, Iben Dorner, Esben Dalgaard, David Dencik, Lars Ranthe",Mikkel Serup,"Søren Sveistrup, Dorte W. Høgh, David Sandreuter, Mikkel Serup",,,1,9/29/21,0c79eb96-d12b-52f0-8c28-c71341a62021,5/3/22 14:54
https://www.netflix.com/title/80175798,The Irishman,Movie,Hit man Frank Sheeran looks back at the secrets he kept as a loyal member of the Bufalino crime family in this acclaimed film from Martin Scorsese.,16,US Movies,3h 29m,11/27/19,"28,800,000","Robert De Niro, Al Pacino, Joe Pesci, Harvey Keitel, Ray Romano, Bobby Cannavale, Anna Paquin, Stephen Graham, Stephanie Kurtzuba, Kathrine Narducci, Welker White, Jesse Plemons, Jack Huston, Domenick Lombardozzi, Louis Cancelmi, Paul Herman, Gary Basaraba, Marin Ireland, Sebastian Maniscalco, Steven Van Zandt",Martin Scorsese,,"English - Audio Description, English [Original], Hindi",English,,,25517e59-c1c1-5e29-b435-56a605afcfe4,5/3/22 14:54
https://www.netflix.com/title/80114855,MINDHUNTER,TVSeries,In the late 1970s two FBI agents expand criminal science by delving into the psychology of murder and getting uneasily close to all-too-real monsters.,18,TV Mysteries,,10/13/17,"27,600,000","Jonathan Groff, Holt McCallany, Anna Torv, Cotter Smith, Hannah Gross, Michael Cerveris, Joe Tuttle, Albert Jones, Stacey Roca, Cameron Britton",,Joe Penhall,,,2,10/13/17,81306d0b-b746-56e7-a906-f76a0f9a1d96,5/3/22 14:54
https://www.netflix.com/title/81289581,Stay Close,TVSeries,"When Carlton Flynn vanishes 17 years to the night after Stewart Green did, it sets off a chain reaction in the lives of people connected to both men.",18,TV Dramas,,12/31/21,"13,500,000","Cush Jumbo, James Nesbitt, Richard Armitage, Sarah Parish, Eddie Izzard, Jo Joyner, Daniel Francis, Youssef Kerkour, Bethany Antonia, Poppy Gilbert, Hyoie O'Grady",,,,,1,12/31/21,17df978e-c327-592f-ae08-410d8fd6ec5e,5/3/22 14:54
https://www.netflix.com/title/80230293,Wu Assassins,TVSeries,An unassuming San Francisco chef becomes the latest in a long line of assassins chosen to keep the mystical Wu powers out of the wrong hands.,18,Fantasy TV Shows,,8/8/19,"15,500,000","Iko Uwais, Katheryn Winnick, Byron Mann, Tommy Flanagan, Li Jun Li, Celia Au, Lewis Tan, Lawrence Kao, JuJu Chan Szeto, Tzi Ma, Cranston Johnson, Mark Dacascos, Kevin Durand, Jeff Fahey, Summer Glau",,"John Wirth, Tony Krantz",,,1,8/8/19,a4ede0ab-a88a-5d99-a27e-eaec43632721,5/3/22 14:54
https://www.netflix.com/title/81097362,The Puppet Master: Hunting the Ultimate Conman,TVSeries,"In this harrowing docuseries, a cruel conman masquerading as a British spy manipulates and steals from his victims, leaving ruined families in his wake.",16,True Crime Documentaries,,1/18/22,"2,400,000",,,,,,1,1/18/22,28115f02-a8ff-50ea-a7c6-275af83bc6ef,5/3/22 14:54
https://www.netflix.com/title/80179190,Never Have I Ever,TVSeries,"After a traumatic year, an Indian-American teen just wants to spruce up her social status — but friends, family and feelings won’t make it easy on her.",13,TV Dramas,,4/27/20,"61,000,000","Maitreyi Ramakrishnan, Poorna Jagannathan, Richa Moorjani, Ranjita Chakraverty, John McEnroe, Ramona Young, Lee Rodriguez, Megan Suri, Jaren Lewison, Darren Barnet, Christina Kartchner, Common, Adam Shapiro, Niecy Nash, Sendhil Ramamurthy",,"Mindy Kaling, Lang Fisher",,,2,4/27/20,1f764998-5b8b-52ec-b144-0b2304a3a2a0,5/3/22 14:54
https://www.netflix.com/title/81077494,The Harder They Fall,Movie,"Gunning for revenge, outlaw Nat Love saddles up with his gang to take down enemy Rufus Buck, a ruthless crime boss who just got sprung from prison.",16,Westerns,2h 19m,11/3/21,"23,300,000","Jonathan Majors, Idris Elba, Regina King, Zazie Beetz, Delroy Lindo, LaKeith Stanfield, Danielle Deadwyler, Edi Gathegi, Deon Cole, RJ Cyler, Damon Wayans Jr., Julio Cesar Cedillo, Woody McClain",Jeymes Samuel,,"English - Audio Description, English [Original], Hindi",English,,,0b17478f-7c6e-5e58-aaeb-99582ebe3d63,5/3/22 14:54
https://www.netflix.com/title/81115160,Against The Ice,Movie,"Exploring Greenland's vast landscape for a lost map, two men must fight to survive. Based on the true story of Denmark's 1909 polar expedition.",13,Movies Based on Real Life,1h 43m,3/2/22,"9,500,000","Nikolaj Coster-Waldau, Joe Cole, Heida Reed, Charles Dance, Gísli Örn Garðarsson, Sam Redford, Diarmaid Murtagh, Edward Speleers, Frankie Wilson, Nick Jameson",Peter Flinth,,"English - Audio Description, English [Original], Hindi",English,,,89f613cf-0c81-5b3d-ae72-5ef4cf6f480b,5/3/22 14:54
https://www.netflix.com/title/80197526,Sex Education,TVSeries,"Insecure Otis has all the answers when it comes to sex advice, thanks to his therapist mom. So rebel Maeve proposes a school sex-therapy clinic.",18,TV Dramas,,1/11/19,"27,900,000","Asa Butterfield, Gillian Anderson, Ncuti Gatwa, Emma Mackey, Connor Swindells, Kedar Williams-Stirling, Alistair Petrie, Aimee Lou Wood, Mimi Keene, Chaneil Kular, Tanya Reynolds, Patricia Allison, Mikael Persbrandt, Rakhee Thakrar, Jemima Kirke, Anne-Marie Duff",,Laurie Nunn,,,3,1/11/19,8e7aff36-329c-506d-aa11-45d942642f3a,5/3/22 14:54
https://www.netflix.com/title/81256675,Hellbound,TVSeries,"Unearthly beings deliver bloody condemnations, sending individuals to hell and giving rise to a religious group founded on the idea of divine justice.",18,TV Mysteries,,11/19/21,"8,300,000","Yoo Ah-in, Kim Hyun-joo, Park Jeong-min, Won Jin-a, Yang Ik-june, Kim Do-yoon, Kim Shin-rock, Ryu Kyung-soo, Lee Re",,"Yeon Sang-ho, Choi Gyu-seok",,,1,11/19/21,5e7f921a-66ba-5d35-bccf-fcadfc8d945d,5/3/22 14:54
https://www.netflix.com/title/80136311,Anne with an E,TVSeries,"A plucky orphan whose passions run deep finds an unlikely home with a spinster and her soft-spoken bachelor brother. Based on ""Anne of Green Gables.""",13,TV Shows Based on Books,,5/12/17,"30,900,000","Amybeth McNulty, Geraldine James, R.H. Thomson, Corrine Koslo, Dalila Bela, Lucas Jade Zumann, Aymeric Jett Montaz, Dalmar Abuzeid, Cory Gruter-Andrew, Joanna Douglas",,Moira Walley-Beckett,,,3,5/12/17,698a8ba4-b3cd-57bc-bd97-991a97932e62,5/3/22 14:54
https://www.netflix.com/title/80057281,Stranger Things,TVSeries,"When a young boy vanishes, a small town uncovers a mystery involving secret experiments, terrifying supernatural forces and one strange little girl.",16,Horror TV Serials,,7/15/16,"77,800,000","Winona Ryder, David Harbour, Finn Wolfhard, Millie Bobby Brown, Gaten Matarazzo, Caleb McLaughlin, Noah Schnapp, Sadie Sink, Natalia Dyer, Charlie Heaton, Joe Keery, Maya Hawke, Priah Ferguson, Brett Gelman, Dacre Montgomery, Cara Buono, Matthew Modine, Paul Reiser, Sean Astin, Shannon Purser",,The Duffer Brothers,,,3,7/15/16,264c0513-296b-51c3-8173-39170644b993,5/3/22 14:54
https://www.netflix.com/title/81002003,Pacific Rim: The Black,TVSeries,"After Kaiju ravage Australia, two siblings pilot a Jaeger to search for their parents, encountering new creatures, seedy characters and chance allies.",16,Sci-Fi & Fantasy Anime,,3/4/21,"4,700,000","Gideon Adlon, Calum Worthy, Erica Lindbeck, Victoria Grace, Andrew McPhee",,,,,1,3/4/21,cf16bc66-718c-5cd9-b6db-aee1f471213d,5/3/22 14:54
https://www.netflix.com/title/81040344,Squid Game,TVSeries,"Hundreds of cash-strapped players accept a strange invitation to compete in children's games. Inside, a tempting prize awaits — with deadly high stakes.",18,TV Thrillers,,9/17/21,"87,200,000","Lee Jung-jae, Park Hae-soo, Wi Ha-jun, Oh Young-soo, Jung Ho-yeon, Heo Sung-tae, Kim Joo-ryoung, Tripathi Anupam, You Seong-joo, Lee You-mi",,Hwang Dong-hyuk,,,1,9/17/21,10843e40-2407-56ff-9204-c1e3ddb2af7f,5/3/22 14:54
https://www.netflix.com/title/81140667,Ali Wong: Don Wong,Movie,"In her third Netflix stand-up special, Ali Wong reveals her wildest fantasies, the challenges of monogamy and how she really feels about single people.",18,Stand-Up Comedy,59m,2/14/22,"1,400,000",Ali Wong,Nahnatchka Khan,,"English - Audio Description, English [Original]",English,,,a174b272-1264-594b-bb23-7318d37b2a01,5/3/22 14:54
https://www.netflix.com/title/80242531,The Cuphead Show!,TVSeries,Follow the misadventures of the impulsive Cuphead and his easily swayed brother Mugman in this animated series based on the hit video game.,7,TV Cartoons,,2/18/22,"14,500,000","Tru Valentino, Frank Todaro, Wayne Brady, Joe Hanna, Luke Millington-Drake, Grey Griffin, Cosmo Segurson, Dave Wasson",,,,,1,2/18/22,a50f338a-1880-5fd5-b5bd-7a589944570a,5/3/22 14:54
https://www.netflix.com/title/80991754,Clickbait,TVSeries,"When family man Nick Brewer is abducted in a crime with a sinister online twist, those closest to him race to uncover who is behind it and why.",18,TV Mysteries,,8/25/21,"14,700,000","Zoe Kazan, Betty Gabriel, Adrian Grenier, Phoenix Raei, Abraham Lim, Jessica Collins, Camaron Engels, Jaylin Fletcher, Liz Alexander, Joyce Guy, Daniel Henshall, Ian Meadows, Jamie Timony, Steve Mouzakis, Becca Lish",Brad Anderson,"Tony Ayres, Christian White",,,1,8/25/21,8ac05806-5a40-5b3d-a5e9-6dfd3ba75742,5/3/22 14:54
https://www.netflix.com/title/80235864,Bodyguard,TVSeries,"After helping thwart a terrorist attack, a war veteran is assigned to protect a politician who was a main proponent of the very conflict he fought in.",16,TV Mysteries,,10/24/18,"52,000,000","Richard Madden, Keeley Hawes, Gina McKee, Sophie Rundle, Vincent Franklin, Pippa Haywood, Paul Ready, Tom Brooke, Nicholas Gleaves, Stuart Bowman",,Jed Mercurio,,,1,10/24/18,54d1eaee-55f1-5b51-bda0-34da1953ff8f,5/3/22 14:54
https://www.netflix.com/title/81009646,Jurassic World Camp Cretaceous,TVSeries,Six teens invited to attend a state-of-the-art adventure camp on Isla Nublar must band together to survive when the dinosaurs break out of captivity.,7,TV Shows Based on Books,,9/18/20,"27,300,000","Paul-Mikél Williams, Jenna Ortega, Sean Giambrone, Kausar Mohammed, Ryan Potter, Raini Rodriguez, Kirby Howell-Baptiste, Haley Joel Osment, Andrew Kishino, Roger Craig Smith, Stephanie Beatriz, Angus Sampson, Bradley Whitford, Glen Powell, Jameela Jamil",,,,,4,9/18/20,4410cf89-b64e-5a5d-8199-cb197c927730,5/3/22 14:54
https://www.netflix.com/title/81098012,The Silent Sea,TVSeries,"During a perilous 24-hour mission on the moon, space explorers try to retrieve samples from an abandoned research facility steeped in classified secrets.",16,TV Mysteries,,12/24/21,"7,900,000","Bae Doona, Gong Yoo, Lee Joon, Kim Sun-young, Lee Mu-saeng, Lee Sung-wook",,"Park Eun-kyo, Choi Hang-yong",,,1,12/24/21,fab3cbb4-6f39-5a6b-8fae-ad6cc5f9375c,5/3/22 14:54
https://www.netflix.com/title/80185171,Collateral,TVSeries,"Investigating the murder of a pizza delivery man, a London detective uncovers a tangled conspiracy involving drug dealers, smugglers and spies.",18,TV Thrillers,,3/9/18,"7,900,000","Carey Mulligan, John Simm, Nicola Walker, Billie Piper, Nathaniel Martello-White, Jeany Spark, Hayley Squires, Ben Miles, Saskia Reeves, Ahd",,David Hare,,,1,3/9/18,fa841482-5f7d-5d1d-8f0c-9b1067668b86,5/3/22 14:55
https://www.netflix.com/title/81478910,The Lost Daughter,Movie,A woman's quiet seaside vacation takes an unsettling turn when her fixation on a young mother staying at a nearby villa awakens memories from her past.,18,US Movies,2h 2m,12/31/21,"2,800,000","Olivia Colman, Jessie Buckley, Dakota Johnson, Ed Harris, Peter Sarsgaard, Paul Mescal, Dagmara Dominczyk, Alba Rohrwacher, Jack Farthing, Oliver Jackson-Cohen, Panos Koronis",Maggie Gyllenhaal,,"English - Audio Description, English [Original], Hindi",English,,,8e59c858-2a67-5b82-84a9-9d1e08406fa7,5/3/22 14:55
https://www.netflix.com/title/80117803,Raising Dion,TVSeries,A widowed mom sets out to solve the mystery surrounding her young son's emerging superpowers while keeping his extraordinary gifts under wraps.,13,Family Watch Together TV,,10/4/19,"25,500,000","Alisha Wainwright, Ja'Siah Young, Jazmyn Simon, Jason Ritter, Rome Flynn, Sammi Haney, Griffin Robert Faulkner, Ali Ahn, Michael B. Jordan",,Carol Barbee,,,2,10/4/19,88f90fc6-184a-5bbb-b322-71df73c623b8,5/3/22 14:55
https://www.netflix.com/title/81040405,Flowers,TVSeries,"Between a troubled marriage, a senile granny and twin siblings constantly in rivalry, a crumbling household struggles to barely keep it together.",18,TV Comedies,,12/14/18,"200,000","Olivia Colman, Julian Barratt, Daniel Rigby, Sophia Di Martino, Leila Hoffman, Will Sharpe, Harriet Walter",,Will Sharpe,,,2,12/14/18,bc358b8c-4de0-5365-ae10-ea06d0465b96,5/3/22 14:55
https://www.netflix.com/title/80219707,Dead to Me,TVSeries,A hotheaded widow searching for the hit-and-run driver who mowed down her husband befriends an eccentric optimist who isn't quite what she seems.,18,TV Dramas,,5/3/19,"22,100,000","Christina Applegate, Linda Cardellini, James Marsden, Max Jenkins, Sam McCarthy, Luke Roessler, Edward Asner",,Liz Feldman,,,2,5/3/19,c78acdb3-4e34-5e98-9ed6-cb83580f494a,5/3/22 14:55
https://www.netflix.com/title/81206259,The Chair,TVSeries,"At a major university, the first woman of color to become chair tries to meet the dizzying demands and high expectations of a failing English department.",16,TV Dramas,,8/20/21,"2,200,000","Sandra Oh, Jay Duplass, Holland Taylor, David Morse, Bob Balaban, Nana Mensah, Everly Carganilla",,"Amanda Peet, Annie Julia Wyman",,,1,8/20/21,108c3066-8e2f-51ca-b5cc-cac7253150be,5/3/22 14:55
https://www.netflix.com/title/81254340,The Tinder Swindler,Movie,"Posing as a wealthy, jet-setting diamond mogul, he wooed women online then conned them out of millions of dollars. Now some victims plan for payback.",16,Documentaries,1h 54m,2/2/22,"4,400,000",,Felicity Morris,,"English - Audio Description, English [Original], Hindi",English,,,d5c43236-e27b-5ffe-9ac2-44d4fa0f8c4c,5/3/22 14:55
https://www.netflix.com/title/80097140,Altered Carbon,TVSeries,"After 250 years on ice, a prisoner returns to life in a new body with one chance to win his freedom: by solving a mind-bending murder.",18,TV Shows Based on Books,,2/2/18,"18,100,000","Anthony Mackie, Lela Loren, Simone Missick, Chris Conner, Dina Shihabi, Torben Liebrecht, Renée Elise Goldsberry, Joel Kinnaman, James Purefoy, Martha Higareda, Dichen Lachman, Will Yun Lee, Kristin Lehman, Ato Essandoh, Tamara Taylor, Byron Mann",,Laeta Kalogridis,,,2,2/2/18,4022092b-9e89-56a6-b45c-9c4597b9395f,5/3/22 14:55
https://www.netflix.com/title/80117552,Ozark,TVSeries,"A financial adviser drags his family from Chicago to the Missouri Ozarks, where he must launder $500 million in five years to appease a drug boss.",18,TV Thrillers,,7/21/17,"36,100,000","Jason Bateman, Laura Linney, Sofia Hublitz, Skylar Gaertner, Jason Butler Harner, Esai Morales, Peter Mullan, Lisa Emery, Julia Garner, Janet McTeer, Charlie Tahan, Jessica Frances Dukes, Damian Young, Felix Solis, Alfonso Herrera, Adam Rothenberg",,"Bill Dubuque, Mark Williams",,,4,7/21/17,0c8c78f3-3bb3-55a6-a73f-69576544630b,5/3/22 14:55
https://www.netflix.com/title/81513706,Procession,Movie,Six men who were sexually abused by Catholic clergy as boys become a makeshift family and find empowerment by creating films inspired by their trauma.,18,Documentaries,1h 58m,11/19/21,"200,000",,Robert Greene,,"English - Audio Description, English [Original]",English,,,0aa812ee-897e-5bc6-b7bb-78a2183348e6,5/3/22 14:55
https://www.netflix.com/title/81043755,The Trial of the Chicago 7,Movie,What was supposed to be a peaceful protest turned into a violent clash with the police. What followed was one of the most notorious trials in history.,18,US Movies,2h 10m,10/16/20,"2,700,000","Sacha Baron Cohen, Eddie Redmayne, Yahya Abdul-Mateen II, Jeremy Strong, Mark Rylance, Joseph Gordon-Levitt, Michael Keaton, Frank Langella, John Carroll Lynch, Alex Sharp, John Doman, Ben Shenkman",Aaron Sorkin,,"English - Audio Description, English [Original]",English,,,faf44247-bb65-556f-acf4-1be8a795a87f,5/3/22 14:55
https://www.netflix.com/title/80211627,Russian Doll,TVSeries,Nadia keeps dying and reliving her 36th birthday party. She's trapped in a surreal time loop -- and staring down the barrel of her own mortality.,18,TV Dramas,,2/1/19,"5,200,000","Natasha Lyonne, Charlie Barnett, Greta Lee, Chloë Sevigny, Elizabeth Ashley, Annie Murphy, Brendan Sexton III, Yul Vazquez, Dascha Polanco, Jeremy Bobb, Rebecca Henderson, Brooke Timber",,"Leslye Headland, Natasha Lyonne, Amy Poehler",,,1,2/1/19,ce354e67-50f9-5bd0-8ed3-b356c8da7fd8,5/3/22 14:55
https://www.netflix.com/title/80017537,Grace and Frankie,TVSeries,"They’re not friends, but when their husbands leave them for each other, proper Grace and eccentric Frankie begin to bond in this Emmy-nominated series.",16,Sitcoms,,8/13/21,"13,700,000","Jane Fonda, Lily Tomlin, Martin Sheen, Sam Waterston, June Diane Raphael, Brooklyn Decker, Ethan Embry, Baron Vaughn",,"Marta Kauffman, Howard J. Morris",,,7,8/13/21,756a34c6-adee-5f35-b219-347637bf9c4e,5/3/22 14:55
https://www.netflix.com/title/81156325,The Hand of God,Movie,"In 1980s Naples, young Fabietto pursues his love for football as family tragedy strikes, shaping his uncertain but promising future as a filmmaker.",18,Dramas,2h 10m,12/15/21,"900,000","Filippo Scotti, Toni Servillo, Teresa Saponangelo, Marlon Joubert, Luisa Ranieri, Renato Carpentieri, Massimiliano Gallo, Betti Pedrazzi, Enzo Decaro, Sofya Gershevich, Lino Musella, Biagio Manna",Paolo Sorrentino,,"Italian - Audio Description, Italian [Original]","English, English, Italian",,,ea6c32bb-dc1f-58c9-a8f2-35443b986ada,5/3/22 14:55
https://www.netflix.com/title/80198137,Tuca & Bertie,TVSeries,Free-spirited toucan Tuca and self-doubting song thrush Bertie are best friends -- and birds -- who guide each other through life's ups and downs.,18,TV Comedies,,5/3/19,"1,200,000","Tiffany Haddish, Ali Wong, Steven Yeun, Nicole Byer, Raphael Bob-Waksberg, John Early, Richard E. Grant, Reggie Watts, Shamir Bailey, Cole Escola",,Lisa Hanawalt,,,1,5/3/19,a274f4b4-ba39-5a82-b487-6b2a5dcefd2b,5/3/22 14:55
https://www.netflix.com/title/81149450,Vikings: Valhalla,TVSeries,"In this sequel to ""Vikings,"" a hundred years have passed and a new generation of legendary heroes arises to forge its own destiny — and make history.",18,Period Pieces,,2/25/22,"116,500,000","Sam Corlett, Leo Suter, Frida Gustavsson, Jóhannes Haukur Jóhannesson, Asbjørn Krogh Nissen, Laura Berlin, Caroline Henderson, David Oakes, Lujza Richter, Søren Pilmark, Pollyanna McIntosh",,,,,1,2/25/22,07cda85a-9102-59fa-8fb7-5e5596c5e380,5/3/22 14:55
https://www.netflix.com/title/81039393,Cheer,TVSeries,This gripping docuseries follows the ups and downs of Navarro College's competitive cheer squad as they work to win a coveted national title.,16,Competition Reality TV,,1/8/20,"2,500,000",,,,,,2,1/8/20,c5c143ca-680f-57cf-933f-81e271a04573,5/3/22 14:55
https://www.netflix.com/title/80234304,The Queen's Gambit,TVSeries,"In a 1950s orphanage, a young girl reveals an astonishing talent for chess and begins an unlikely journey to stardom while grappling with addiction.",18,TV Shows Based on Books,,10/23/20,"45,900,000","Anya Taylor-Joy, Bill Camp, Marielle Heller, Thomas Brodie-Sangster, Moses Ingram, Harry Melling, Isla Johnston, Christiane Seidel, Rebecca Root, Chloe Pirrie, Jacob Fortune-Lloyd",,"Scott Frank, Allan Scott",,,1,10/23/20,eb4d7ec8-818d-5171-ac12-f7416068f796,5/3/22 14:55
https://www.netflix.com/title/81210762,Young Royals,TVSeries,"Prince Wilhelm adjusts to life at his prestigious new boarding school, Hillerska, but following his heart proves more challenging than anticipated.",18,TV Dramas,,7/1/21,"8,600,000","Edvin Ryding, Omar Rudberg, Malte Gårdinger, Frida Argento, Nikita Uggla, Pernilla August",,,,,1,7/1/21,bac1f758-f5f9-59c8-a96b-9cd97d4b13d8,5/3/22 14:55
https://www.netflix.com/title/80236319,Shadow and Bone,TVSeries,Dark forces conspire against orphan mapmaker Alina Starkov when she unleashes an extraordinary power that could change the fate of her war-torn world.,16,TV Shows Based on Books,,4/23/21,"99,500,000","Jessie Mei Li, Archie Renaux, Ben Barnes, Freddy Carter, Amita Suman, Kit Young, Danielle Galligan, Calahan Skogman, Sujaya Dasgupta, Simon Sears, Daisy Head, Zoë Wanamaker, Luke Pasqualino, Julian Kostov",,,,,1,4/23/21,f1b6efcb-7ec5-56e1-83c1-69696dd6e900,5/3/22 14:55
https://www.netflix.com/title/80025172,Narcos,TVSeries,The true story of Colombia's infamously violent and powerful drug cartels fuels this gritty gangster drama series.,18,TV Thrillers,,11/30/16,"59,900,000","Wagner Moura, Pedro Pascal, Boyd Holbrook, Damián Alcázar, Alberto Ammann, Francisco Denis, Pepe Rapazote, Matias Varela, Michael Stahl-David, Matt Whelan, Arturo Castro, Javier Cámara, José María Yazpik, Eric Lange, Brett Cullen, Miguel Ángel Silvestre, Kerry Bishé, Paulina Gaitán, Cristina Umaña, Paulina García, Juan Sebastián Calero, Joanna Christie, Taliana Vargas, Andrea Londo, Manolo Cardona, Diego Cataño, Raúl Méndez, Bruno Bichir, Stephanie Sigman, Florencia Lozano, Juan Pablo Raba, Leynar Gomez, Konstantin Melikhov, Martina García, Maurice Compte, Mauricio Cujar, Jorge Monterrosa, Germán Jaramillo, Juan Pablo Shuk, Julián Díaz, Alejandro Buitrago, Federico Rivera",,"Chris Brancato, Carlo Bernard, Doug Miro",,,3,11/30/16,d3e8f2da-4e04-5ea1-81ad-67a1a896f35d,5/3/22 14:55
https://www.netflix.com/title/80031666,Winter on Fire: Ukraine's Fight for Freedom,Movie,"Over 93 days in Ukraine, what started as peaceful student demonstrations became a violent revolution and full-fledged civil rights movement.",18,Documentaries,1h 38m,1/6/16,"200,000",,Evgeny Afineevsky,,"English - Audio Description, Ukrainian [Original]","English, English",,,c4569259-6f94-58da-802d-b935e07c84b3,5/3/22 14:55
https://www.netflix.com/title/70258489,Derek,TVSeries,Ricky Gervais created and stars in this heartwarming comedy-drama series as a loyal English nursing home care worker who sees only the good in everyone.,18,Sitcoms,,1/1/19,"900,000","Ricky Gervais, Kerry Godliman, Karl Pilkington, David Earl, Kay Noone, Tim Barlow, Arthur Nightingale, Sheila Collings, Margaret Towner, Barry Martin, Prem Modgil, Blanche Williams, Ninette Finch, Brett Goldstein, Ruth Bratt, Holli Dempsey",,Ricky Gervais,,,3,1/1/19,d9a53f5d-347c-554b-84ad-08a96272d75e,5/3/22 14:55
https://www.netflix.com/title/81214609,Anxious People,TVSeries,"A bank robber holds the visitors of an open house hostage and then promptly vanishes, leaving the police baffled — and suspicious of everyone.",16,TV Mysteries,,12/29/21,"700,000","Dan Ekborg, Alfred Svensson, Marika Lagercrantz, Leif Andrée, Anna Granath, Per Andersson, Lottie Ejebrant, Carla Sehn, Petrina Solange, Sofia Ledarp, Sascha Zacharias",Felix Herngren,,,,1,12/29/21,5067ff09-4945-5c61-a5ca-0222c3652561,5/3/22 14:55
https://www.netflix.com/title/81264650,Catching Killers,TVSeries,"The investigators behind infamous serial killer cases reveal the harrowing, chilling details of their extraordinary efforts in this true crime series.",16,True Crime Documentaries,,11/4/21,"11,700,000",,,,,,2,11/4/21,fe6a68b9-2ba1-52aa-94db-7a2371f69b25,5/3/22 14:55
https://www.netflix.com/title/81193104,Murderville,TVSeries,Eccentric detective Terry Seattle teams up with clueless celebrity guest stars to investigate a series of murders in this improvisational crime comedy.,16,TV Mysteries,,2/3/22,"1,700,000","Will Arnett, Haneefah Wood, Lilan Bowden, Philip Smithey, Conan O'Brien, Marshawn Lynch, Kumail Nanjiani, Annie Murphy, Sharon Stone, Ken Jeong",,,,,1,2/3/22,03b6ab62-689c-5d80-b7e6-2cfd53422495,5/3/22 14:56
https://www.netflix.com/title/81031682,Worst Roommate Ever,TVSeries,Violent con artists. Stone-cold killers. These terrifying true stories unveil some of the worst cohabitation experiences one could ever imagine.,16,True Crime Documentaries,,3/1/22,"9,300,000",,,,,,1,3/1/22,bbc2e134-7b6f-5170-81b6-517a63e31931,5/3/22 14:56
https://www.netflix.com/title/80199128,Kim's Convenience,TVSeries,"While running a convenience store in Toronto, members of a Korean-Canadian family deal with customers, each other and the evolving world around them.",13,Sitcoms,,7/12/18,"6,800,000","Paul Sun-Hyung Lee, Jean Yoon, Andrea Bang, Simu Liu, Andrew Phung, Nicole Power",,"Ins Choi, Kevin White",,,5,7/12/18,69670824-3337-5bc7-bbca-cb27ce0ad652,5/3/22 14:56
https://www.netflix.com/title/80244630,Behind Her Eyes,TVSeries,A single mother enters a world of twisted mind games when she begins an affair with her psychiatrist boss while secretly befriending his mysterious wife.,18,TV Mysteries,,2/17/21,"22,600,000","Simona Brown, Eve Hewson, Tom Bateman, Robert Aramayo, Tyler Howitt, Georgie Glen",,,,,1,2/17/21,19b0b3d0-fe65-549d-852c-2fdc8e80e737,5/3/22 14:56
https://www.netflix.com/title/80202874,Always Be My Maybe,Movie,"Reunited after 15 years, famous chef Sasha and hometown musician Marcus feel the old sparks of attraction but struggle to adapt to each other's worlds.",13,US Movies,1h 42m,5/31/19,"7,800,000","Ali Wong, Randall Park, James Saito, Michelle Buteau, Vivian Bang, Keanu Reeves, Susan Park, Daniel Dae Kim, Karan Soni, Charlyne Yi",Nahnatchka Khan,,"English - Audio Description, English [Original], Hindi","English, Hindi",,,bd859f72-d053-51d6-974d-ab3a5122a7a1,5/3/22 14:56
https://www.netflix.com/title/81045007,My Octopus Teacher,Movie,"A filmmaker forges an unusual friendship with an octopus living in a South African kelp forest, learning as the animal shares the mysteries of her world.",7,Documentaries,1h 25m,9/7/20,"2,900,000",,"Pippa Ehrlich, James Reed",,"English - Audio Description, English [Original]",English,,,f62d45dd-99e9-52c3-b81b-cc031f00fcf6,5/3/22 14:56
https://www.netflix.com/title/81237994,All of Us Are Dead,TVSeries,A high school becomes ground zero for a zombie virus outbreak. Trapped students must fight their way out — or turn into one of the rabid infected.,18,Horror TV Serials,,1/28/22,"94,600,000","Park Ji-hu, Yoon Chan-young, Cho Yi-hyun, Lomon, Yoo In-soo, Lee You-mi, Kim Byong-chul, Lee Kyoo-hyung, Jeon Bae-soo",,"Lee JQ, Chun Sung-il, Kim Nam-su",,,1,1/28/22,6e719f3e-1c05-572b-b05c-21c88329d655,5/3/22 14:56
https://www.netflix.com/title/80238565,Derry Girls,TVSeries,"Amidst the political conflict of Northern Ireland in the 1990s, five high school students square off with the universal challenges of being a teenager.",16,Sitcoms,,12/21/18,"6,400,000","Saoirse-Monica Jackson, Nicola Coughlan, Louisa Harland, Jamie-Lee O'Donnell, Dylan Llewellyn, Tara Lynne O'Neill, Kathy Kiera Clarke, Tommy Tiernan, Ian McElhinney, Siobhan McSweeney",,Lisa McGee,,,2,12/21/18,d60fa7c2-3f47-58e8-b12d-be46459d8239,5/3/22 14:56
https://www.netflix.com/title/81166770,Maid,TVSeries,"After fleeing an abusive relationship, a young mother finds a job cleaning houses as she fights to provide for her child and build them a better future.",18,TV Shows Based on Books,,10/1/21,"61,500,000","Margaret Qualley, Andie MacDowell, Nick Robinson, Anika Noni Rose, Tracy Vilar, Billy Burke, Rylea Nevaeh Whittet",,Molly Smith Metzler,,,1,10/1/21,c8fd286d-a3bb-5a25-917d-6e3aa44c21c2,5/3/22 14:56
https://www.netflix.com/title/81178338,The House,Movie,"Across different eras, a poor family, an anxious developer and a fed-up landlady become tied to the same mysterious house in this animated dark comedy.",16,US Movies,1h 37m,1/14/22,"1,700,000","Mia Goth, Jarvis Cocker, Susan Wokoma, Helena Bonham Carter, Matthew Goode, Claudie Blakley, Sven Wollter, Yvonne Lombard, Paul Kaye, Will Sharpe, Mark Heap","Emma De Swaef, Marc James Roels, Niki Lindroth von Bahr, Paloma Baeza",,"English - Audio Description, English [Original], Hindi",English,,,264993ca-2962-5a31-9f78-85768ac39f00,5/3/22 14:56
https://www.netflix.com/title/80097141,Godless,TVSeries,"A ruthless outlaw terrorizes the West in search of a former member of his gang, who’s found a new life in a quiet town populated only by women.",18,TV Dramas,,11/22/17,"29,900,000","Jeff Daniels, Michelle Dockery, Jack O'Connell, Scoot McNairy, Merritt Wever, Thomas Brodie-Sangster, Sam Waterston, Tantoo Cardinal",Scott Frank,Scott Frank,,,1,11/22/17,0eba7418-9690-5bc0-a39a-75693460cd07,5/3/22 14:56
https://www.netflix.com/title/80174608,"Love, Death & Robots",TVSeries,"Terrifying creatures, wicked surprises and dark comedy converge in this NSFW anthology of animated stories presented by Tim Miller and David Fincher.",18,Horror TV Serials,,3/15/19,"9,100,000","Michael B. Jordan, Elodie Yung, Joe Dempsie, Topher Grace, Mary Elizabeth Winstead, Gary Cole, Samira Wiley, Daisuke Tsuji, Maurice LaMarche, Rebecca Riedy, Helen Sadler, Hayley McLaughlin, Time Winters, Elly Condron, Stefan Kapicic, Bruce Thomas, Jeff Berg, Aaron Himelstein, Carlos Alazraqui, Jill Talley, Brian Bloom, Chris Cox, Michael Benyaer, Fred Tatasciore, Scott Whyte, Josh Brener, Gary Anthony Williams, Chris Parnell, Graham Hamilton, Adam Bartley, Kevin Michael Richardson, Emma Thornett, Henry Douthwaite, Madeleine Knight, Rebecca Banatvala, Kirk Thornton, Yuri Lowenthal, Elaine Tan, Matthew Yang King, Gwendoline Yeo, Neil Kaplan, G.K. Bowes, Courtenay Taylor, Nancy Linari, Ben Giroux, Brian Keane, Archie Madekwe, Sebastian Croft, Beatriz Godinho, Alexander Lobo Moreno, Nolan North, Emily O'Brien, Louis Bernard, Mounia Moula, Steven Pacey, Divi Mittal, Sami Amber",,"Tim Miller, David Fincher, Jennifer Miller, Josh Donen",,,2,3/15/19,75321089-7af2-54c5-8dde-d6aaeffb9a1b,5/3/22 14:56
https://www.netflix.com/title/81028975,The Unforgivable,Movie,"Released from prison into a society that won't forgive her, a woman convicted of murder searches for the little sister she was forced to leave behind.",18,US Movies,1h 54m,12/10/21,"14,100,000","Sandra Bullock, Vincent D'Onofrio, Viola Davis, Jon Bernthal, Richard Thomas, Linda Emond, Aisling Franciosi, Rob Morgan, Emma Nelson",Nora Fingscheidt,,"English - Audio Description, English [Original], Hindi",English,,,61cf3ba1-a23d-5fdf-b451-18b8c6433892,5/3/22 14:56
https://www.netflix.com/title/80241239,Locke & Key,TVSeries,"After their dad's murder, three siblings move with their mom to his ancestral estate, where they discover magical keys that unlock powers — and secrets.",18,Fantasy TV Shows,,2/7/20,"27,800,000","Darby Stanchfield, Connor Jessup, Emilia Jones, Jackson Robert Scott, Petrice Jones, Laysla De Oliveira, Griffin Gluck, Aaron Ashmore, Brendan Hines, Hallea Jones, Sherri Saum, Bill Heck, Genevieve Kang, Kevin Alves, Thomas Mitchell Barnet, Eric Graise, Felix Mallard, Martin Roach, Asha Bromfield, Steven Williams, Coby Bird, Jesse Camacho, Joy Tanner, Liyou Abere",,,,,2,2/7/20,4e7da5ff-b7a0-5fec-9c26-6282cff03257,5/3/22 14:56
https://www.netflix.com/title/80225312,Undercover,TVSeries,The lines begin to blur for a pair of undercover cops as they try to infiltrate a drug kingpin's operation by posing as a couple and moving in next door.,18,TV Thrillers,,5/3/19,"11,200,000","Tom Waes, Frank Lammers, Nazmiye Oral, Murat Seven, Gökhan Girginol, Gökhan Kizilbuga, Elise Schaap, Yannick van de Velde, Jeroen Van der Ven, Manou Kersting, Ruth Becquart, Sebastien Dewaele, Anna Drijver, Emma Verlinden, Raymond Thiry, Wim Willaert",,Nico Moolenaar,,,3,5/3/19,85dd2f1a-c256-5deb-9bc2-748938173964,5/3/22 14:56
https://www.netflix.com/title/80240904,Fistful of Vengeance,Movie,A revenge mission becomes a fight to save the world from an ancient threat when superpowered assassin Kai tracks a killer to Bangkok.,18,US Movies,1h 36m,2/17/22,"5,800,000","Iko Uwais, Lewis Tan, Lawrence Kao, Pearl Thusi, Francesca Ploypailin Corney, Jason Tobin, Yayaying Rhatha Phongam, Simon Kook, JuJu Chan Szeto",Roel Reiné,,"English - Audio Description, English [Original], Hindi",English,,,43dbfc5e-2e6f-5841-9509-4b8954eec1ed,5/3/22 14:56
https://www.netflix.com/title/81252357,Don't Look Up,Movie,Two astronomers go on a media tour to warn humankind of a planet-killing comet hurtling toward Earth. The response from a distracted world: Meh.,18,Social Issue Dramas,2h 18m,12/24/21,"25,200,000","Leonardo DiCaprio, Jennifer Lawrence, Meryl Streep, Cate Blanchett, Rob Morgan, Jonah Hill, Mark Rylance, Tyler Perry, Timothée Chalamet, Ariana Grande, Scott Mescudi, Michael Chiklis, Melanie Lynskey, Himesh Patel, Tomer Sisley, Paul Guilfoyle, Robert Joy",Adam McKay,,"English - Audio Description, English [Original], Hindi",English,,,9f3ff3bf-545e-596e-9351-c2578528e231,5/3/22 14:56
https://www.netflix.com/title/80998491,After Life,TVSeries,"Struggling to come to terms with his wife's death, a writer for a newspaper adopts a gruff new persona in an effort to push away those trying to help.",18,TV Dramas,,3/8/19,"8,800,000","Ricky Gervais, Tom Basden, Tony Way, Diane Morgan, Mandeep Dhillon, David Bradley, Ashley Jensen, Kerry Godliman, Penelope Wilton, Jo Hartley, Paul Kaye, Roisin Conaty, Joe Wilkinson, David Earl, Ethan Lawrence, Kath Hughes",,Ricky Gervais,,,3,3/8/19,5102c921-1ef9-5651-a1d8-dac9b82d4e22,5/3/22 14:56
https://www.netflix.com/title/81090319,Dark Desire,TVSeries,"Married Alma spends a fateful weekend away from home that ignites passion, ends in tragedy and leads her to question the truth about those close to her.",18,TV Mysteries,,7/15/20,"27,000,000","Maite Perroni, Erik Hayser, Alejandro Speitzer, Jorge Poza, Catherine Siachoque, Arturo Barba, Regina Pavón, Ariana Saavedra, María Fernanda Yepes, Paulina Matos, Leticia Huijara, Claudia Pineda, Esteban Soberanes, Claudia Ríos, Samantha Orozco, Fabián Merlo, Eligio Meléndez, Carmen Beato, Carlos Torres, Toño Valdés",,Leticia López Margalli,,,2,7/15/20,e3f8c1a9-21b7-514c-a791-3de639fd40b6,5/3/22 14:56
https://www.netflix.com/title/81008305,Inventing Anna,TVSeries,"Audacious entrepreneur or con artist? A journalist chases down the story of Anna Delvey, who convinced New York's elite she was a German heiress.",18,TV Dramas,,2/11/22,"34,800,000","Anna Chlumsky, Julia Garner, Arian Moayed, Alexis Floyd, Anders Holm, Terry Kinney, Katie Lowes, Jeff Perry, Anna Deavere Smith, Laverne Cox",,Shonda Rhimes,,,1,2/11/22,ead8c75a-0d06-5c49-83ca-0d13a0a47836,5/3/22 14:56
https://www.netflix.com/title/81517168,Twenty Five Twenty One,TVSeries,"In a time when dreams seem out of reach, a teen fencer pursues big ambitions and meets a hardworking young man who seeks to rebuild his life.",13,TV Dramas,,2/12/22,"47,800,000","Kim Tae-ri, Nam Joo-hyuk, Kim Ji-yeon, Choi Hyun-wook, Lee Ju-myoung",,"Jung Jee-hyun, Kwon Do-eun",,,1,2/12/22,68bc2a70-5988-5bae-a136-5bb4decec7cc,5/3/22 14:56
https://www.netflix.com/title/80233441,The Staircase,TVSeries,"Accident or murder? After the mysterious death of his wife, author Michael Peterson watches his life go under the microscope.",18,TV Mysteries,,6/8/18,"4,800,000",,,,,,1,6/8/18,dd74607c-6a40-5b5e-a458-5a1589bfe958,5/3/22 14:56
https://www.netflix.com/title/81345983,The Guilty,Movie,A troubled police detective assigned to 911 operator duty scrambles to save a distressed caller during a harrowing day of revelations — and reckonings.,16,US Movies,1h 31m,10/1/21,"16,200,000","Jake Gyllenhaal, Ethan Hawke, Riley Keough, Peter Sarsgaard, Christina Vidal Mitchell, Paul Dano, Eli Goree, Da'Vine Joy Randolph, David Castañeda",Antoine Fuqua,,"English - Audio Description, English [Original], Hindi",English,,,bf37799f-5d9e-5460-b631-73a874000dd8,5/3/22 14:56
https://www.netflix.com/title/80044950,The OA,TVSeries,"Seven years after vanishing from her home, a young woman returns with mysterious new abilities and recruits five strangers for a secret mission.",18,TV Mysteries,,12/16/16,"15,300,000","Brit Marling, Jason Isaacs, Emory Cohen, Patrick Gibson, Kingsley Ben-Adir, Scott Wilson, Alice Krige, Phyllis Smith, Brendan Meyer, Brandon Perea, Ian Alexander, Will Brill, Paz Vega, Chloe Levine, Sharon Van Etten, Riz Ahmed",,"Brit Marling, Zal Batmanglij",,,2,12/16/16,9fbb15bf-9158-5893-8620-3326724cf49a,5/3/22 14:56
https://www.netflix.com/title/81021929,Space Force,TVSeries,A four-star general begrudgingly teams up with an eccentric scientist to get the U.S. military's newest agency — Space Force — ready for lift-off.,16,TV Comedies,,5/29/20,"7,000,000","Steve Carell, John Malkovich, Ben Schwartz, Diana Silvers, Tawny Newsome, Jimmy O. Yang, Don Lake, Tim Meadows, Lisa Kudrow, Fred Willard, Spencer House, Owen Daniels, Alex Sparrow, Hector Duran, Chris Gethard, Aparna Nancherla",,"Steve Carell, Greg Daniels",,,2,5/29/20,72e2a0af-02a1-5d25-9a1d-eb74cd82e6b8,5/3/22 14:56
https://www.netflix.com/title/81123055,In From the Cold,TVSeries,"Exposed as an ex-Russian spy, an American single mom must juggle family life and unique shape-shifting skills in a battle against an insidious enemy.",18,TV Thrillers,,1/28/22,"17,800,000","Margarita Levieva, Cillian O'Sullivan, Lydia Fleming, Charles Brice, Stasya Miloslavskaya, Alyona Khmelnitskaya, Anastasia Martin, Lola Mae Loughran",,Adam Glass,,,1,1/28/22,030c5bef-bf17-5e3c-874a-5248a0fc798c,5/3/22 14:56
https://www.netflix.com/title/81036622,Toy Boy,TVSeries,"After seven years in a Málaga prison, a male stripper is released pending retrial and sets out to prove his lover framed him for her husband's murder.",18,TV Thrillers,,2/28/20,"18,100,000","Jesús Mosquera, Cristina Castaño, María Pedraza, Jose de la Torre, Carlo Costanzia, Raudel Raúl Martiato, Juanjo Almeida, Maxi Iglesias, José Manuel Seda, Álex Gadea, Javier Mora, Pedro Casablanc, Elisa Matilla, María Pujalte, Adelfa Calvo, Álex González, Federica Sabatini, Miriam Díaz Aroca",,"César Benítez, Juan Carlos Cueto, Rocío Martínez Llano",,,2,2/28/20,957197b0-7cec-58aa-9c78-62fc50e1fe74,5/3/22 14:56
https://www.netflix.com/title/81464765,14 Peaks: Nothing Is Impossible,Movie,"Fearless Nepali mountaineer Nimsdai Purja embarks on a seemingly impossible quest to summit all 14 of the world’s 8,000-meter peaks in seven months.",13,Documentaries,1h 41m,11/29/21,"3,700,000",,Torquil Jones,,"English - Audio Description, English [Original], Hindi",English,,,cd828c29-8ecd-54b1-8c12-e8911dac5c2e,5/3/22 14:56
https://www.netflix.com/title/81435684,Arcane,TVSeries,"Amid the stark discord of twin cities Piltover and Zaun, two sisters fight on rival sides of a war between magic technologies and clashing convictions.",16,Fantasy TV Shows,,11/7/21,"15,200,000","Hailee Steinfeld, Katie Leung, Kevin Alejandro, Jason Spisak, Ella Purnell, Toks Olagundoye, JB Blanc, Harry Lloyd, Shohreh Aghdashloo, Mick Wingert, Yuri Lowenthal, Josh Keaton, Mia Sinclair Jenness, Remy Hii",,"Christian Linke, Alex Yee",,,1,11/7/21,2b0b2a1f-a3e4-55f5-96cb-8015d4ae8817,5/3/22 14:56